﻿<?xml version="1.0" encoding="utf-8"?>
<hibernate-mapping xmlns="urn:nhibernate-mapping-2.2" 
					assembly="NCR.IT.Server.BundleItem"
					namespace="NCR.IT.Server.BundleItem.BusinessComponents.EmployeeConfiguration">
	
	<class name="EmployeeConfiguration" table="EmployeeConfiguration" lazy="false">

    <id name="Id" column="Id">
      <generator class="identity" />
    </id>
    <property name="Name" column="Name" type="string" />
    <property name="Email" column="Email" type="string" />
    <property name="Designation" column="Designation" type="string" />
	</class>  
</hibernate-mapping>
